name,category,base,overlay,tags,master_svg,theme_svg_pattern,png_pattern
file,file,file,,file;,svg/master/file.svg,svg/{theme}/file.svg,png/{theme}/{size}/file.png
file_new,file,file,add,file;new,svg/master/file_new.svg,svg/{theme}/file_new.svg,png/{theme}/{size}/file_new.png
file_add,file,file,add,file;add,svg/master/file_add.svg,svg/{theme}/file_add.svg,png/{theme}/{size}/file_add.png
file_remove,file,file,remove,file;remove,svg/master/file_remove.svg,svg/{theme}/file_remove.svg,png/{theme}/{size}/file_remove.png
file_delete,file,file,delete,file;delete,svg/master/file_delete.svg,svg/{theme}/file_delete.svg,png/{theme}/{size}/file_delete.png
file_edit,file,file,edit,file;edit,svg/master/file_edit.svg,svg/{theme}/file_edit.svg,png/{theme}/{size}/file_edit.png
file_search,file,file,search,file;search,svg/master/file_search.svg,svg/{theme}/file_search.svg,png/{theme}/{size}/file_search.png
file_find,file,file,search,file;find,svg/master/file_find.svg,svg/{theme}/file_find.svg,png/{theme}/{size}/file_find.png
file_check,file,file,check,file;check,svg/master/file_check.svg,svg/{theme}/file_check.svg,png/{theme}/{size}/file_check.png
file_ok,file,file,check,file;ok,svg/master/file_ok.svg,svg/{theme}/file_ok.svg,png/{theme}/{size}/file_ok.png
file_error,file,file,error,file;error,svg/master/file_error.svg,svg/{theme}/file_error.svg,png/{theme}/{size}/file_error.png
file_warning,file,file,warning,file;warning,svg/master/file_warning.svg,svg/{theme}/file_warning.svg,png/{theme}/{size}/file_warning.png
file_info,file,file,info,file;info,svg/master/file_info.svg,svg/{theme}/file_info.svg,png/{theme}/{size}/file_info.png
file_help,file,file,help,file;help,svg/master/file_help.svg,svg/{theme}/file_help.svg,png/{theme}/{size}/file_help.png
file_settings,file,file,gear,file;settings,svg/master/file_settings.svg,svg/{theme}/file_settings.svg,png/{theme}/{size}/file_settings.png
file_properties,file,file,info,file;properties,svg/master/file_properties.svg,svg/{theme}/file_properties.svg,png/{theme}/{size}/file_properties.png
file_favorite,file,file,star,file;favorite,svg/master/file_favorite.svg,svg/{theme}/file_favorite.svg,png/{theme}/{size}/file_favorite.png
file_star,file,file,star,file;star,svg/master/file_star.svg,svg/{theme}/file_star.svg,png/{theme}/{size}/file_star.png
file_pin,file,file,pin,file;pin,svg/master/file_pin.svg,svg/{theme}/file_pin.svg,png/{theme}/{size}/file_pin.png
file_lock,file,file,lock,file;lock,svg/master/file_lock.svg,svg/{theme}/file_lock.svg,png/{theme}/{size}/file_lock.png
file_unlock,file,file,unlock,file;unlock,svg/master/file_unlock.svg,svg/{theme}/file_unlock.svg,png/{theme}/{size}/file_unlock.png
file_upload,file,file,upload,file;upload,svg/master/file_upload.svg,svg/{theme}/file_upload.svg,png/{theme}/{size}/file_upload.png
file_download,file,file,download,file;download,svg/master/file_download.svg,svg/{theme}/file_download.svg,png/{theme}/{size}/file_download.png
file_import,file,file,import,file;import,svg/master/file_import.svg,svg/{theme}/file_import.svg,png/{theme}/{size}/file_import.png
file_export,file,file,export,file;export,svg/master/file_export.svg,svg/{theme}/file_export.svg,png/{theme}/{size}/file_export.png
file_sync,file,file,sync,file;sync,svg/master/file_sync.svg,svg/{theme}/file_sync.svg,png/{theme}/{size}/file_sync.png
file_refresh,file,file,sync,file;refresh,svg/master/file_refresh.svg,svg/{theme}/file_refresh.svg,png/{theme}/{size}/file_refresh.png
file_share,file,file,share,file;share,svg/master/file_share.svg,svg/{theme}/file_share.svg,png/{theme}/{size}/file_share.png
file_link,file,file,link,file;link,svg/master/file_link.svg,svg/{theme}/file_link.svg,png/{theme}/{size}/file_link.png
file_copy,file,file,copy,file;copy,svg/master/file_copy.svg,svg/{theme}/file_copy.svg,png/{theme}/{size}/file_copy.png
file_move,file,file,right,file;move,svg/master/file_move.svg,svg/{theme}/file_move.svg,png/{theme}/{size}/file_move.png
file_preview,file,file,eye,file;preview,svg/master/file_preview.svg,svg/{theme}/file_preview.svg,png/{theme}/{size}/file_preview.png
file_hide,file,file,slash,file;hide,svg/master/file_hide.svg,svg/{theme}/file_hide.svg,png/{theme}/{size}/file_hide.png
file_history,file,file,time,file;history,svg/master/file_history.svg,svg/{theme}/file_history.svg,png/{theme}/{size}/file_history.png
file_cloud,file,file,cloud,file;cloud,svg/master/file_cloud.svg,svg/{theme}/file_cloud.svg,png/{theme}/{size}/file_cloud.png
file_user,file,file,user,file;user,svg/master/file_user.svg,svg/{theme}/file_user.svg,png/{theme}/{size}/file_user.png
file_open,file,file,up,file;open,svg/master/file_open.svg,svg/{theme}/file_open.svg,png/{theme}/{size}/file_open.png
file_save,file,file,download,file;save,svg/master/file_save.svg,svg/{theme}/file_save.svg,png/{theme}/{size}/file_save.png
file_save_as,file,file,edit,file;save_as,svg/master/file_save_as.svg,svg/{theme}/file_save_as.svg,png/{theme}/{size}/file_save_as.png
file_print,file,file,down,file;print,svg/master/file_print.svg,svg/{theme}/file_print.svg,png/{theme}/{size}/file_print.png
file_archive,file,file,down,file;archive,svg/master/file_archive.svg,svg/{theme}/file_archive.svg,png/{theme}/{size}/file_archive.png
file_compress,file,file,down,file;compress,svg/master/file_compress.svg,svg/{theme}/file_compress.svg,png/{theme}/{size}/file_compress.png
file_extract,file,file,up,file;extract,svg/master/file_extract.svg,svg/{theme}/file_extract.svg,png/{theme}/{size}/file_extract.png
file_merge,file,file,link,file;merge,svg/master/file_merge.svg,svg/{theme}/file_merge.svg,png/{theme}/{size}/file_merge.png
file_split,file,file,slash,file;split,svg/master/file_split.svg,svg/{theme}/file_split.svg,png/{theme}/{size}/file_split.png
file_compare,file,file,eye,file;compare,svg/master/file_compare.svg,svg/{theme}/file_compare.svg,png/{theme}/{size}/file_compare.png
file_template,file,file,star,file;template,svg/master/file_template.svg,svg/{theme}/file_template.svg,png/{theme}/{size}/file_template.png
file_certificate,file,file,check,file;certificate,svg/master/file_certificate.svg,svg/{theme}/file_certificate.svg,png/{theme}/{size}/file_certificate.png
file_signature,file,file,edit,file;signature,svg/master/file_signature.svg,svg/{theme}/file_signature.svg,png/{theme}/{size}/file_signature.png
file_encrypt,file,file,lock,file;encrypt,svg/master/file_encrypt.svg,svg/{theme}/file_encrypt.svg,png/{theme}/{size}/file_encrypt.png
file_decrypt,file,file,unlock,file;decrypt,svg/master/file_decrypt.svg,svg/{theme}/file_decrypt.svg,png/{theme}/{size}/file_decrypt.png
file_local,file,file,pin,file;local,svg/master/file_local.svg,svg/{theme}/file_local.svg,png/{theme}/{size}/file_local.png
file_bookmark,file,file,star,file;bookmark,svg/master/file_bookmark.svg,svg/{theme}/file_bookmark.svg,png/{theme}/{size}/file_bookmark.png
file_code,file,file,code,file;code,svg/master/file_code.svg,svg/{theme}/file_code.svg,png/{theme}/{size}/file_code.png
file_image,file,file,eye,file;image,svg/master/file_image.svg,svg/{theme}/file_image.svg,png/{theme}/{size}/file_image.png
file_audio,file,file,play,file;audio,svg/master/file_audio.svg,svg/{theme}/file_audio.svg,png/{theme}/{size}/file_audio.png
file_video,file,file,play,file;video,svg/master/file_video.svg,svg/{theme}/file_video.svg,png/{theme}/{size}/file_video.png
file_table,file,file,grid,file;table,svg/master/file_table.svg,svg/{theme}/file_table.svg,png/{theme}/{size}/file_table.png
file_database,file,file,cloud,file;database,svg/master/file_database.svg,svg/{theme}/file_database.svg,png/{theme}/{size}/file_database.png
file_binary,file,file,gear,file;binary,svg/master/file_binary.svg,svg/{theme}/file_binary.svg,png/{theme}/{size}/file_binary.png
file_text,file,file,info,file;text,svg/master/file_text.svg,svg/{theme}/file_text.svg,png/{theme}/{size}/file_text.png
file_markdown,file,file,code,file;markdown,svg/master/file_markdown.svg,svg/{theme}/file_markdown.svg,png/{theme}/{size}/file_markdown.png
file_script,file,file,code,file;script,svg/master/file_script.svg,svg/{theme}/file_script.svg,png/{theme}/{size}/file_script.png
document,file,file_stack,,document;,svg/master/document.svg,svg/{theme}/document.svg,png/{theme}/{size}/document.png
document_stack,file,file_stack,,document;stack,svg/master/document_stack.svg,svg/{theme}/document_stack.svg,png/{theme}/{size}/document_stack.png
document_copy,file,file_stack,copy,document;copy,svg/master/document_copy.svg,svg/{theme}/document_copy.svg,png/{theme}/{size}/document_copy.png
document_merge,file,file_stack,link,document;merge,svg/master/document_merge.svg,svg/{theme}/document_merge.svg,png/{theme}/{size}/document_merge.png
document_split,file,file_stack,slash,document;split,svg/master/document_split.svg,svg/{theme}/document_split.svg,png/{theme}/{size}/document_split.png
document_compare,file,file_stack,eye,document;compare,svg/master/document_compare.svg,svg/{theme}/document_compare.svg,png/{theme}/{size}/document_compare.png
document_version,file,file_stack,time,document;version,svg/master/document_version.svg,svg/{theme}/document_version.svg,png/{theme}/{size}/document_version.png
document_review,file,file_stack,check,document;review,svg/master/document_review.svg,svg/{theme}/document_review.svg,png/{theme}/{size}/document_review.png
document_draft,file,file_stack,edit,document;draft,svg/master/document_draft.svg,svg/{theme}/document_draft.svg,png/{theme}/{size}/document_draft.png
document_publish,file,file_stack,upload,document;publish,svg/master/document_publish.svg,svg/{theme}/document_publish.svg,png/{theme}/{size}/document_publish.png
folder,folder,folder,,folder;,svg/master/folder.svg,svg/{theme}/folder.svg,png/{theme}/{size}/folder.png
folder_new,folder,folder,add,folder;new,svg/master/folder_new.svg,svg/{theme}/folder_new.svg,png/{theme}/{size}/folder_new.png
folder_add,folder,folder,add,folder;add,svg/master/folder_add.svg,svg/{theme}/folder_add.svg,png/{theme}/{size}/folder_add.png
folder_remove,folder,folder,remove,folder;remove,svg/master/folder_remove.svg,svg/{theme}/folder_remove.svg,png/{theme}/{size}/folder_remove.png
folder_delete,folder,folder,delete,folder;delete,svg/master/folder_delete.svg,svg/{theme}/folder_delete.svg,png/{theme}/{size}/folder_delete.png
folder_edit,folder,folder,edit,folder;edit,svg/master/folder_edit.svg,svg/{theme}/folder_edit.svg,png/{theme}/{size}/folder_edit.png
folder_search,folder,folder,search,folder;search,svg/master/folder_search.svg,svg/{theme}/folder_search.svg,png/{theme}/{size}/folder_search.png
folder_find,folder,folder,search,folder;find,svg/master/folder_find.svg,svg/{theme}/folder_find.svg,png/{theme}/{size}/folder_find.png
folder_check,folder,folder,check,folder;check,svg/master/folder_check.svg,svg/{theme}/folder_check.svg,png/{theme}/{size}/folder_check.png
folder_ok,folder,folder,check,folder;ok,svg/master/folder_ok.svg,svg/{theme}/folder_ok.svg,png/{theme}/{size}/folder_ok.png
folder_error,folder,folder,error,folder;error,svg/master/folder_error.svg,svg/{theme}/folder_error.svg,png/{theme}/{size}/folder_error.png
folder_warning,folder,folder,warning,folder;warning,svg/master/folder_warning.svg,svg/{theme}/folder_warning.svg,png/{theme}/{size}/folder_warning.png
folder_info,folder,folder,info,folder;info,svg/master/folder_info.svg,svg/{theme}/folder_info.svg,png/{theme}/{size}/folder_info.png
folder_help,folder,folder,help,folder;help,svg/master/folder_help.svg,svg/{theme}/folder_help.svg,png/{theme}/{size}/folder_help.png
folder_settings,folder,folder,gear,folder;settings,svg/master/folder_settings.svg,svg/{theme}/folder_settings.svg,png/{theme}/{size}/folder_settings.png
folder_properties,folder,folder,info,folder;properties,svg/master/folder_properties.svg,svg/{theme}/folder_properties.svg,png/{theme}/{size}/folder_properties.png
folder_favorite,folder,folder,star,folder;favorite,svg/master/folder_favorite.svg,svg/{theme}/folder_favorite.svg,png/{theme}/{size}/folder_favorite.png
folder_star,folder,folder,star,folder;star,svg/master/folder_star.svg,svg/{theme}/folder_star.svg,png/{theme}/{size}/folder_star.png
folder_pin,folder,folder,pin,folder;pin,svg/master/folder_pin.svg,svg/{theme}/folder_pin.svg,png/{theme}/{size}/folder_pin.png
folder_lock,folder,folder,lock,folder;lock,svg/master/folder_lock.svg,svg/{theme}/folder_lock.svg,png/{theme}/{size}/folder_lock.png
folder_unlock,folder,folder,unlock,folder;unlock,svg/master/folder_unlock.svg,svg/{theme}/folder_unlock.svg,png/{theme}/{size}/folder_unlock.png
folder_upload,folder,folder,upload,folder;upload,svg/master/folder_upload.svg,svg/{theme}/folder_upload.svg,png/{theme}/{size}/folder_upload.png
folder_download,folder,folder,download,folder;download,svg/master/folder_download.svg,svg/{theme}/folder_download.svg,png/{theme}/{size}/folder_download.png
folder_import,folder,folder,import,folder;import,svg/master/folder_import.svg,svg/{theme}/folder_import.svg,png/{theme}/{size}/folder_import.png
folder_export,folder,folder,export,folder;export,svg/master/folder_export.svg,svg/{theme}/folder_export.svg,png/{theme}/{size}/folder_export.png
folder_sync,folder,folder,sync,folder;sync,svg/master/folder_sync.svg,svg/{theme}/folder_sync.svg,png/{theme}/{size}/folder_sync.png
folder_refresh,folder,folder,sync,folder;refresh,svg/master/folder_refresh.svg,svg/{theme}/folder_refresh.svg,png/{theme}/{size}/folder_refresh.png
folder_share,folder,folder,share,folder;share,svg/master/folder_share.svg,svg/{theme}/folder_share.svg,png/{theme}/{size}/folder_share.png
folder_link,folder,folder,link,folder;link,svg/master/folder_link.svg,svg/{theme}/folder_link.svg,png/{theme}/{size}/folder_link.png
folder_copy,folder,folder,copy,folder;copy,svg/master/folder_copy.svg,svg/{theme}/folder_copy.svg,png/{theme}/{size}/folder_copy.png
folder_move,folder,folder,right,folder;move,svg/master/folder_move.svg,svg/{theme}/folder_move.svg,png/{theme}/{size}/folder_move.png
folder_preview,folder,folder,eye,folder;preview,svg/master/folder_preview.svg,svg/{theme}/folder_preview.svg,png/{theme}/{size}/folder_preview.png
folder_hide,folder,folder,slash,folder;hide,svg/master/folder_hide.svg,svg/{theme}/folder_hide.svg,png/{theme}/{size}/folder_hide.png
folder_history,folder,folder,time,folder;history,svg/master/folder_history.svg,svg/{theme}/folder_history.svg,png/{theme}/{size}/folder_history.png
folder_cloud,folder,folder,cloud,folder;cloud,svg/master/folder_cloud.svg,svg/{theme}/folder_cloud.svg,png/{theme}/{size}/folder_cloud.png
folder_user,folder,folder,user,folder;user,svg/master/folder_user.svg,svg/{theme}/folder_user.svg,png/{theme}/{size}/folder_user.png
folder_open,folder,folder,,folder;open,svg/master/folder_open.svg,svg/{theme}/folder_open.svg,png/{theme}/{size}/folder_open.png
folder_closed,folder,folder,,folder;closed,svg/master/folder_closed.svg,svg/{theme}/folder_closed.svg,png/{theme}/{size}/folder_closed.png
folder_root,folder,folder,pin,folder;root,svg/master/folder_root.svg,svg/{theme}/folder_root.svg,png/{theme}/{size}/folder_root.png
folder_home,folder,folder,user,folder;home,svg/master/folder_home.svg,svg/{theme}/folder_home.svg,png/{theme}/{size}/folder_home.png
folder_project,folder,folder,star,folder;project,svg/master/folder_project.svg,svg/{theme}/folder_project.svg,png/{theme}/{size}/folder_project.png
folder_library,folder,folder,grid,folder;library,svg/master/folder_library.svg,svg/{theme}/folder_library.svg,png/{theme}/{size}/folder_library.png
folder_backup,folder,folder,cloud,folder;backup,svg/master/folder_backup.svg,svg/{theme}/folder_backup.svg,png/{theme}/{size}/folder_backup.png
folder_temp,folder,folder,time,folder;temp,svg/master/folder_temp.svg,svg/{theme}/folder_temp.svg,png/{theme}/{size}/folder_temp.png
folder_mount,folder,folder,link,folder;mount,svg/master/folder_mount.svg,svg/{theme}/folder_mount.svg,png/{theme}/{size}/folder_mount.png
folder_open_new,folder,folder_open,add,folder_open;new,svg/master/folder_open_new.svg,svg/{theme}/folder_open_new.svg,png/{theme}/{size}/folder_open_new.png
folder_open_search,folder,folder_open,search,folder_open;search,svg/master/folder_open_search.svg,svg/{theme}/folder_open_search.svg,png/{theme}/{size}/folder_open_search.png
folder_open_sync,folder,folder_open,sync,folder_open;sync,svg/master/folder_open_sync.svg,svg/{theme}/folder_open_sync.svg,png/{theme}/{size}/folder_open_sync.png
folder_open_warning,folder,folder_open,warning,folder_open;warning,svg/master/folder_open_warning.svg,svg/{theme}/folder_open_warning.svg,png/{theme}/{size}/folder_open_warning.png
folder_open_lock,folder,folder_open,lock,folder_open;lock,svg/master/folder_open_lock.svg,svg/{theme}/folder_open_lock.svg,png/{theme}/{size}/folder_open_lock.png
folder_open_upload,folder,folder_open,upload,folder_open;upload,svg/master/folder_open_upload.svg,svg/{theme}/folder_open_upload.svg,png/{theme}/{size}/folder_open_upload.png
folder_open_download,folder,folder_open,download,folder_open;download,svg/master/folder_open_download.svg,svg/{theme}/folder_open_download.svg,png/{theme}/{size}/folder_open_download.png
cut,edit,scissors,,,svg/master/cut.svg,svg/{theme}/cut.svg,png/{theme}/{size}/cut.png
copy,edit,copy,,,svg/master/copy.svg,svg/{theme}/copy.svg,png/{theme}/{size}/copy.png
paste,edit,clipboard,download,,svg/master/paste.svg,svg/{theme}/paste.svg,png/{theme}/{size}/paste.png
clipboard,edit,clipboard,,,svg/master/clipboard.svg,svg/{theme}/clipboard.svg,png/{theme}/{size}/clipboard.png
clipboard_add,edit,clipboard,add,,svg/master/clipboard_add.svg,svg/{theme}/clipboard_add.svg,png/{theme}/{size}/clipboard_add.png
clipboard_check,edit,clipboard,check,,svg/master/clipboard_check.svg,svg/{theme}/clipboard_check.svg,png/{theme}/{size}/clipboard_check.png
clipboard_delete,edit,clipboard,delete,,svg/master/clipboard_delete.svg,svg/{theme}/clipboard_delete.svg,png/{theme}/{size}/clipboard_delete.png
clipboard_search,edit,clipboard,search,,svg/master/clipboard_search.svg,svg/{theme}/clipboard_search.svg,png/{theme}/{size}/clipboard_search.png
undo,edit,undo,,,svg/master/undo.svg,svg/{theme}/undo.svg,png/{theme}/{size}/undo.png
redo,edit,redo,,,svg/master/redo.svg,svg/{theme}/redo.svg,png/{theme}/{size}/redo.png
eraser,edit,pencil,slash,,svg/master/eraser.svg,svg/{theme}/eraser.svg,png/{theme}/{size}/eraser.png
pencil,edit,pencil,,,svg/master/pencil.svg,svg/{theme}/pencil.svg,png/{theme}/{size}/pencil.png
edit,edit,pencil,,,svg/master/edit.svg,svg/{theme}/edit.svg,png/{theme}/{size}/edit.png
draw,edit,brush,,,svg/master/draw.svg,svg/{theme}/draw.svg,png/{theme}/{size}/draw.png
brush,edit,brush,,,svg/master/brush.svg,svg/{theme}/brush.svg,png/{theme}/{size}/brush.png
paint,edit,palette,,,svg/master/paint.svg,svg/{theme}/paint.svg,png/{theme}/{size}/paint.png
color_picker,edit,palette,search,,svg/master/color_picker.svg,svg/{theme}/color_picker.svg,png/{theme}/{size}/color_picker.png
fill_color,edit,palette,download,,svg/master/fill_color.svg,svg/{theme}/fill_color.svg,png/{theme}/{size}/fill_color.png
stroke_color,edit,brush,edit,,svg/master/stroke_color.svg,svg/{theme}/stroke_color.svg,png/{theme}/{size}/stroke_color.png
crop,edit,crop,,,svg/master/crop.svg,svg/{theme}/crop.svg,png/{theme}/{size}/crop.png
selection,edit,selection,,,svg/master/selection.svg,svg/{theme}/selection.svg,png/{theme}/{size}/selection.png
select_all,edit,selection,check,,svg/master/select_all.svg,svg/{theme}/select_all.svg,png/{theme}/{size}/select_all.png
select_none,edit,selection,delete,,svg/master/select_none.svg,svg/{theme}/select_none.svg,png/{theme}/{size}/select_none.png
cursor,edit,cursor,,,svg/master/cursor.svg,svg/{theme}/cursor.svg,png/{theme}/{size}/cursor.png
hand,edit,hand,,,svg/master/hand.svg,svg/{theme}/hand.svg,png/{theme}/{size}/hand.png
find,edit,search,,,svg/master/find.svg,svg/{theme}/find.svg,png/{theme}/{size}/find.png
find_next,edit,search,down,,svg/master/find_next.svg,svg/{theme}/find_next.svg,png/{theme}/{size}/find_next.png
find_previous,edit,search,up,,svg/master/find_previous.svg,svg/{theme}/find_previous.svg,png/{theme}/{size}/find_previous.png
replace,edit,refresh,,,svg/master/replace.svg,svg/{theme}/replace.svg,png/{theme}/{size}/replace.png
filter,edit,filter,,,svg/master/filter.svg,svg/{theme}/filter.svg,png/{theme}/{size}/filter.png
sort,edit,sort,,,svg/master/sort.svg,svg/{theme}/sort.svg,png/{theme}/{size}/sort.png
sort_ascending,edit,sort,up,,svg/master/sort_ascending.svg,svg/{theme}/sort_ascending.svg,png/{theme}/{size}/sort_ascending.png
sort_descending,edit,sort,down,,svg/master/sort_descending.svg,svg/{theme}/sort_descending.svg,png/{theme}/{size}/sort_descending.png
tag,edit,tag,,,svg/master/tag.svg,svg/{theme}/tag.svg,png/{theme}/{size}/tag.png
tag_add,edit,tag,add,,svg/master/tag_add.svg,svg/{theme}/tag_add.svg,png/{theme}/{size}/tag_add.png
tag_remove,edit,tag,remove,,svg/master/tag_remove.svg,svg/{theme}/tag_remove.svg,png/{theme}/{size}/tag_remove.png
bookmark,edit,bookmark,,,svg/master/bookmark.svg,svg/{theme}/bookmark.svg,png/{theme}/{size}/bookmark.png
bookmark_add,edit,bookmark,add,,svg/master/bookmark_add.svg,svg/{theme}/bookmark_add.svg,png/{theme}/{size}/bookmark_add.png
bookmark_remove,edit,bookmark,remove,,svg/master/bookmark_remove.svg,svg/{theme}/bookmark_remove.svg,png/{theme}/{size}/bookmark_remove.png
flag,edit,flag,,,svg/master/flag.svg,svg/{theme}/flag.svg,png/{theme}/{size}/flag.png
flag_check,edit,flag,check,,svg/master/flag_check.svg,svg/{theme}/flag_check.svg,png/{theme}/{size}/flag_check.png
bold,text,bold,,,svg/master/bold.svg,svg/{theme}/bold.svg,png/{theme}/{size}/bold.png
italic,text,italic,,,svg/master/italic.svg,svg/{theme}/italic.svg,png/{theme}/{size}/italic.png
underline,text,underline,,,svg/master/underline.svg,svg/{theme}/underline.svg,png/{theme}/{size}/underline.png
strikethrough,text,strikethrough,,,svg/master/strikethrough.svg,svg/{theme}/strikethrough.svg,png/{theme}/{size}/strikethrough.png
paragraph,text,paragraph,,,svg/master/paragraph.svg,svg/{theme}/paragraph.svg,png/{theme}/{size}/paragraph.png
quote,text,quote,,,svg/master/quote.svg,svg/{theme}/quote.svg,png/{theme}/{size}/quote.png
text,text,text,,,svg/master/text.svg,svg/{theme}/text.svg,png/{theme}/{size}/text.png
text_add,text,text,add,,svg/master/text_add.svg,svg/{theme}/text_add.svg,png/{theme}/{size}/text_add.png
text_remove,text,text,remove,,svg/master/text_remove.svg,svg/{theme}/text_remove.svg,png/{theme}/{size}/text_remove.png
text_edit,text,text,edit,,svg/master/text_edit.svg,svg/{theme}/text_edit.svg,png/{theme}/{size}/text_edit.png
text_search,text,text,search,,svg/master/text_search.svg,svg/{theme}/text_search.svg,png/{theme}/{size}/text_search.png
text_check,text,text,check,,svg/master/text_check.svg,svg/{theme}/text_check.svg,png/{theme}/{size}/text_check.png
text_color,text,text,brush,,svg/master/text_color.svg,svg/{theme}/text_color.svg,png/{theme}/{size}/text_color.png
text_highlight,text,text,star,,svg/master/text_highlight.svg,svg/{theme}/text_highlight.svg,png/{theme}/{size}/text_highlight.png
font,text,text,info,,svg/master/font.svg,svg/{theme}/font.svg,png/{theme}/{size}/font.png
font_size,text,text,up,,svg/master/font_size.svg,svg/{theme}/font_size.svg,png/{theme}/{size}/font_size.png
font_size_increase,text,text,add,,svg/master/font_size_increase.svg,svg/{theme}/font_size_increase.svg,png/{theme}/{size}/font_size_increase.png
font_size_decrease,text,text,remove,,svg/master/font_size_decrease.svg,svg/{theme}/font_size_decrease.svg,png/{theme}/{size}/font_size_decrease.png
align_left,text,align_left,,,svg/master/align_left.svg,svg/{theme}/align_left.svg,png/{theme}/{size}/align_left.png
align_center,text,align_center,,,svg/master/align_center.svg,svg/{theme}/align_center.svg,png/{theme}/{size}/align_center.png
align_right,text,align_right,,,svg/master/align_right.svg,svg/{theme}/align_right.svg,png/{theme}/{size}/align_right.png
align_justify,text,align_justify,,,svg/master/align_justify.svg,svg/{theme}/align_justify.svg,png/{theme}/{size}/align_justify.png
list_bulleted,text,list,,,svg/master/list_bulleted.svg,svg/{theme}/list_bulleted.svg,png/{theme}/{size}/list_bulleted.png
list_numbered,text,list,info,,svg/master/list_numbered.svg,svg/{theme}/list_numbered.svg,png/{theme}/{size}/list_numbered.png
list_check,text,list,check,,svg/master/list_check.svg,svg/{theme}/list_check.svg,png/{theme}/{size}/list_check.png
list_add,text,list,add,,svg/master/list_add.svg,svg/{theme}/list_add.svg,png/{theme}/{size}/list_add.png
indent_increase,text,indent_increase,,,svg/master/indent_increase.svg,svg/{theme}/indent_increase.svg,png/{theme}/{size}/indent_increase.png
indent_decrease,text,indent_decrease,,,svg/master/indent_decrease.svg,svg/{theme}/indent_decrease.svg,png/{theme}/{size}/indent_decrease.png
line_spacing,text,text,up,,svg/master/line_spacing.svg,svg/{theme}/line_spacing.svg,png/{theme}/{size}/line_spacing.png
letter_spacing,text,text,right,,svg/master/letter_spacing.svg,svg/{theme}/letter_spacing.svg,png/{theme}/{size}/letter_spacing.png
word_wrap,text,text,sync,,svg/master/word_wrap.svg,svg/{theme}/word_wrap.svg,png/{theme}/{size}/word_wrap.png
text_direction_ltr,text,text,right,,svg/master/text_direction_ltr.svg,svg/{theme}/text_direction_ltr.svg,png/{theme}/{size}/text_direction_ltr.png
text_direction_rtl,text,text,left,,svg/master/text_direction_rtl.svg,svg/{theme}/text_direction_rtl.svg,png/{theme}/{size}/text_direction_rtl.png
superscript,text,superscript,,,svg/master/superscript.svg,svg/{theme}/superscript.svg,png/{theme}/{size}/superscript.png
subscript,text,subscript,,,svg/master/subscript.svg,svg/{theme}/subscript.svg,png/{theme}/{size}/subscript.png
clear_format,text,text,slash,,svg/master/clear_format.svg,svg/{theme}/clear_format.svg,png/{theme}/{size}/clear_format.png
case_upper,text,text,up,,svg/master/case_upper.svg,svg/{theme}/case_upper.svg,png/{theme}/{size}/case_upper.png
case_lower,text,text,down,,svg/master/case_lower.svg,svg/{theme}/case_lower.svg,png/{theme}/{size}/case_lower.png
spell_check,text,text,check,,svg/master/spell_check.svg,svg/{theme}/spell_check.svg,png/{theme}/{size}/spell_check.png
paragraph_spacing,text,paragraph,up,,svg/master/paragraph_spacing.svg,svg/{theme}/paragraph_spacing.svg,png/{theme}/{size}/paragraph_spacing.png
insert_symbol,text,plus,,,svg/master/insert_symbol.svg,svg/{theme}/insert_symbol.svg,png/{theme}/{size}/insert_symbol.png
insert_link,text,link,,,svg/master/insert_link.svg,svg/{theme}/insert_link.svg,png/{theme}/{size}/insert_link.png
remove_link,text,unlink,,,svg/master/remove_link.svg,svg/{theme}/remove_link.svg,png/{theme}/{size}/remove_link.png
insert_image,text,image,add,,svg/master/insert_image.svg,svg/{theme}/insert_image.svg,png/{theme}/{size}/insert_image.png
insert_table,text,table,add,,svg/master/insert_table.svg,svg/{theme}/insert_table.svg,png/{theme}/{size}/insert_table.png
insert_page_break,text,file,down,,svg/master/insert_page_break.svg,svg/{theme}/insert_page_break.svg,png/{theme}/{size}/insert_page_break.png
insert_horizontal_rule,text,minus,,,svg/master/insert_horizontal_rule.svg,svg/{theme}/insert_horizontal_rule.svg,png/{theme}/{size}/insert_horizontal_rule.png
home,navigation,home,,,svg/master/home.svg,svg/{theme}/home.svg,png/{theme}/{size}/home.png
back,navigation,arrow_left,,,svg/master/back.svg,svg/{theme}/back.svg,png/{theme}/{size}/back.png
forward,navigation,arrow_right,,,svg/master/forward.svg,svg/{theme}/forward.svg,png/{theme}/{size}/forward.png
up,navigation,arrow_up,,,svg/master/up.svg,svg/{theme}/up.svg,png/{theme}/{size}/up.png
down,navigation,arrow_down,,,svg/master/down.svg,svg/{theme}/down.svg,png/{theme}/{size}/down.png
arrow_left,navigation,arrow_left,,,svg/master/arrow_left.svg,svg/{theme}/arrow_left.svg,png/{theme}/{size}/arrow_left.png
arrow_right,navigation,arrow_right,,,svg/master/arrow_right.svg,svg/{theme}/arrow_right.svg,png/{theme}/{size}/arrow_right.png
arrow_up,navigation,arrow_up,,,svg/master/arrow_up.svg,svg/{theme}/arrow_up.svg,png/{theme}/{size}/arrow_up.png
arrow_down,navigation,arrow_down,,,svg/master/arrow_down.svg,svg/{theme}/arrow_down.svg,png/{theme}/{size}/arrow_down.png
chevron_left,navigation,chevron_left,,,svg/master/chevron_left.svg,svg/{theme}/chevron_left.svg,png/{theme}/{size}/chevron_left.png
chevron_right,navigation,chevron_right,,,svg/master/chevron_right.svg,svg/{theme}/chevron_right.svg,png/{theme}/{size}/chevron_right.png
chevron_up,navigation,chevron_up,,,svg/master/chevron_up.svg,svg/{theme}/chevron_up.svg,png/{theme}/{size}/chevron_up.png
chevron_down,navigation,chevron_down,,,svg/master/chevron_down.svg,svg/{theme}/chevron_down.svg,png/{theme}/{size}/chevron_down.png
refresh,navigation,refresh,,,svg/master/refresh.svg,svg/{theme}/refresh.svg,png/{theme}/{size}/refresh.png
reload,navigation,refresh,,,svg/master/reload.svg,svg/{theme}/reload.svg,png/{theme}/{size}/reload.png
sync,navigation,refresh,sync,,svg/master/sync.svg,svg/{theme}/sync.svg,png/{theme}/{size}/sync.png
stop_loading,navigation,close,,,svg/master/stop_loading.svg,svg/{theme}/stop_loading.svg,png/{theme}/{size}/stop_loading.png
menu,navigation,menu,,,svg/master/menu.svg,svg/{theme}/menu.svg,png/{theme}/{size}/menu.png
hamburger_menu,navigation,menu,,,svg/master/hamburger_menu.svg,svg/{theme}/hamburger_menu.svg,png/{theme}/{size}/hamburger_menu.png
more_horizontal,navigation,ellipsis_h,,,svg/master/more_horizontal.svg,svg/{theme}/more_horizontal.svg,png/{theme}/{size}/more_horizontal.png
more_vertical,navigation,ellipsis_v,,,svg/master/more_vertical.svg,svg/{theme}/more_vertical.svg,png/{theme}/{size}/more_vertical.png
grid_view,navigation,grid,,,svg/master/grid_view.svg,svg/{theme}/grid_view.svg,png/{theme}/{size}/grid_view.png
list_view,navigation,list,,,svg/master/list_view.svg,svg/{theme}/list_view.svg,png/{theme}/{size}/list_view.png
table_view,navigation,table,,,svg/master/table_view.svg,svg/{theme}/table_view.svg,png/{theme}/{size}/table_view.png
details_view,navigation,list,info,,svg/master/details_view.svg,svg/{theme}/details_view.svg,png/{theme}/{size}/details_view.png
thumbnail_view,navigation,grid,image,,svg/master/thumbnail_view.svg,svg/{theme}/thumbnail_view.svg,png/{theme}/{size}/thumbnail_view.png
preview_pane,navigation,eye,,,svg/master/preview_pane.svg,svg/{theme}/preview_pane.svg,png/{theme}/{size}/preview_pane.png
hide_pane,navigation,eye,slash,,svg/master/hide_pane.svg,svg/{theme}/hide_pane.svg,png/{theme}/{size}/hide_pane.png
window,navigation,window,,,svg/master/window.svg,svg/{theme}/window.svg,png/{theme}/{size}/window.png
window_new,navigation,window,add,,svg/master/window_new.svg,svg/{theme}/window_new.svg,png/{theme}/{size}/window_new.png
window_close,navigation,window,close,,svg/master/window_close.svg,svg/{theme}/window_close.svg,png/{theme}/{size}/window_close.png
window_minimize,navigation,window,minus,,svg/master/window_minimize.svg,svg/{theme}/window_minimize.svg,png/{theme}/{size}/window_minimize.png
window_maximize,navigation,window,up,,svg/master/window_maximize.svg,svg/{theme}/window_maximize.svg,png/{theme}/{size}/window_maximize.png
window_restore,navigation,window,down,,svg/master/window_restore.svg,svg/{theme}/window_restore.svg,png/{theme}/{size}/window_restore.png
window_fullscreen,navigation,window,up,,svg/master/window_fullscreen.svg,svg/{theme}/window_fullscreen.svg,png/{theme}/{size}/window_fullscreen.png
window_split,navigation,window,grid,,svg/master/window_split.svg,svg/{theme}/window_split.svg,png/{theme}/{size}/window_split.png
window_tile,navigation,window,grid,,svg/master/window_tile.svg,svg/{theme}/window_tile.svg,png/{theme}/{size}/window_tile.png
window_cascade,navigation,window,copy,,svg/master/window_cascade.svg,svg/{theme}/window_cascade.svg,png/{theme}/{size}/window_cascade.png
tab,navigation,window,info,,svg/master/tab.svg,svg/{theme}/tab.svg,png/{theme}/{size}/tab.png
tab_new,navigation,window,add,,svg/master/tab_new.svg,svg/{theme}/tab_new.svg,png/{theme}/{size}/tab_new.png
tab_close,navigation,window,close,,svg/master/tab_close.svg,svg/{theme}/tab_close.svg,png/{theme}/{size}/tab_close.png
tab_duplicate,navigation,window,copy,,svg/master/tab_duplicate.svg,svg/{theme}/tab_duplicate.svg,png/{theme}/{size}/tab_duplicate.png
tab_pin,navigation,window,pin,,svg/master/tab_pin.svg,svg/{theme}/tab_pin.svg,png/{theme}/{size}/tab_pin.png
sidebar,navigation,window,left,,svg/master/sidebar.svg,svg/{theme}/sidebar.svg,png/{theme}/{size}/sidebar.png
panel_left,navigation,window,left,,svg/master/panel_left.svg,svg/{theme}/panel_left.svg,png/{theme}/{size}/panel_left.png
panel_right,navigation,window,right,,svg/master/panel_right.svg,svg/{theme}/panel_right.svg,png/{theme}/{size}/panel_right.png
panel_top,navigation,window,up,,svg/master/panel_top.svg,svg/{theme}/panel_top.svg,png/{theme}/{size}/panel_top.png
panel_bottom,navigation,window,down,,svg/master/panel_bottom.svg,svg/{theme}/panel_bottom.svg,png/{theme}/{size}/panel_bottom.png
browser,navigation,browser,,,svg/master/browser.svg,svg/{theme}/browser.svg,png/{theme}/{size}/browser.png
browser_back,navigation,browser,left,,svg/master/browser_back.svg,svg/{theme}/browser_back.svg,png/{theme}/{size}/browser_back.png
browser_forward,navigation,browser,right,,svg/master/browser_forward.svg,svg/{theme}/browser_forward.svg,png/{theme}/{size}/browser_forward.png
browser_refresh,navigation,browser,sync,,svg/master/browser_refresh.svg,svg/{theme}/browser_refresh.svg,png/{theme}/{size}/browser_refresh.png
browser_home,navigation,browser,user,,svg/master/browser_home.svg,svg/{theme}/browser_home.svg,png/{theme}/{size}/browser_home.png
browser_lock,navigation,browser,lock,,svg/master/browser_lock.svg,svg/{theme}/browser_lock.svg,png/{theme}/{size}/browser_lock.png
zoom_in,navigation,search,add,,svg/master/zoom_in.svg,svg/{theme}/zoom_in.svg,png/{theme}/{size}/zoom_in.png
zoom_out,navigation,search,remove,,svg/master/zoom_out.svg,svg/{theme}/zoom_out.svg,png/{theme}/{size}/zoom_out.png
zoom_reset,navigation,search,sync,,svg/master/zoom_reset.svg,svg/{theme}/zoom_reset.svg,png/{theme}/{size}/zoom_reset.png
play,media,play,,,svg/master/play.svg,svg/{theme}/play.svg,png/{theme}/{size}/play.png
pause,media,pause,,,svg/master/pause.svg,svg/{theme}/pause.svg,png/{theme}/{size}/pause.png
stop,media,stop,,,svg/master/stop.svg,svg/{theme}/stop.svg,png/{theme}/{size}/stop.png
record,media,record,,,svg/master/record.svg,svg/{theme}/record.svg,png/{theme}/{size}/record.png
previous,media,arrow_left,left,,svg/master/previous.svg,svg/{theme}/previous.svg,png/{theme}/{size}/previous.png
next,media,arrow_right,right,,svg/master/next.svg,svg/{theme}/next.svg,png/{theme}/{size}/next.png
rewind,media,arrow_left,left,,svg/master/rewind.svg,svg/{theme}/rewind.svg,png/{theme}/{size}/rewind.png
fast_forward,media,arrow_right,right,,svg/master/fast_forward.svg,svg/{theme}/fast_forward.svg,png/{theme}/{size}/fast_forward.png
eject,media,arrow_up,up,,svg/master/eject.svg,svg/{theme}/eject.svg,png/{theme}/{size}/eject.png
media_repeat,media,refresh,,,svg/master/media_repeat.svg,svg/{theme}/media_repeat.svg,png/{theme}/{size}/media_repeat.png
media_shuffle,media,refresh,random,,svg/master/media_shuffle.svg,svg/{theme}/media_shuffle.svg,png/{theme}/{size}/media_shuffle.png
volume,media,speaker,,,svg/master/volume.svg,svg/{theme}/volume.svg,png/{theme}/{size}/volume.png
volume_up,media,speaker,up,,svg/master/volume_up.svg,svg/{theme}/volume_up.svg,png/{theme}/{size}/volume_up.png
volume_down,media,speaker,down,,svg/master/volume_down.svg,svg/{theme}/volume_down.svg,png/{theme}/{size}/volume_down.png
volume_mute,media,speaker,slash,,svg/master/volume_mute.svg,svg/{theme}/volume_mute.svg,png/{theme}/{size}/volume_mute.png
microphone,media,microphone,,,svg/master/microphone.svg,svg/{theme}/microphone.svg,png/{theme}/{size}/microphone.png
microphone_mute,media,microphone,slash,,svg/master/microphone_mute.svg,svg/{theme}/microphone_mute.svg,png/{theme}/{size}/microphone_mute.png
camera,media,camera,,,svg/master/camera.svg,svg/{theme}/camera.svg,png/{theme}/{size}/camera.png
camera_add,media,camera,add,,svg/master/camera_add.svg,svg/{theme}/camera_add.svg,png/{theme}/{size}/camera_add.png
camera_off,media,camera,slash,,svg/master/camera_off.svg,svg/{theme}/camera_off.svg,png/{theme}/{size}/camera_off.png
image,media,image,,,svg/master/image.svg,svg/{theme}/image.svg,png/{theme}/{size}/image.png
image_add,media,image,add,,svg/master/image_add.svg,svg/{theme}/image_add.svg,png/{theme}/{size}/image_add.png
image_edit,media,image,edit,,svg/master/image_edit.svg,svg/{theme}/image_edit.svg,png/{theme}/{size}/image_edit.png
image_remove,media,image,remove,,svg/master/image_remove.svg,svg/{theme}/image_remove.svg,png/{theme}/{size}/image_remove.png
image_search,media,image,search,,svg/master/image_search.svg,svg/{theme}/image_search.svg,png/{theme}/{size}/image_search.png
video,media,video,,,svg/master/video.svg,svg/{theme}/video.svg,png/{theme}/{size}/video.png
video_add,media,video,add,,svg/master/video_add.svg,svg/{theme}/video_add.svg,png/{theme}/{size}/video_add.png
video_off,media,video,slash,,svg/master/video_off.svg,svg/{theme}/video_off.svg,png/{theme}/{size}/video_off.png
audio,media,audio,,,svg/master/audio.svg,svg/{theme}/audio.svg,png/{theme}/{size}/audio.png
audio_add,media,audio,add,,svg/master/audio_add.svg,svg/{theme}/audio_add.svg,png/{theme}/{size}/audio_add.png
playlist,media,list,play,,svg/master/playlist.svg,svg/{theme}/playlist.svg,png/{theme}/{size}/playlist.png
subtitles,media,text,info,,svg/master/subtitles.svg,svg/{theme}/subtitles.svg,png/{theme}/{size}/subtitles.png
captions,media,text,info,,svg/master/captions.svg,svg/{theme}/captions.svg,png/{theme}/{size}/captions.png
slideshow,media,image,play,,svg/master/slideshow.svg,svg/{theme}/slideshow.svg,png/{theme}/{size}/slideshow.png
film,media,video,play,,svg/master/film.svg,svg/{theme}/film.svg,png/{theme}/{size}/film.png
snapshot,media,camera,check,,svg/master/snapshot.svg,svg/{theme}/snapshot.svg,png/{theme}/{size}/snapshot.png
gallery,media,image,grid,,svg/master/gallery.svg,svg/{theme}/gallery.svg,png/{theme}/{size}/gallery.png
crop_image,media,crop,,,svg/master/crop_image.svg,svg/{theme}/crop_image.svg,png/{theme}/{size}/crop_image.png
rotate_left,media,refresh,left,,svg/master/rotate_left.svg,svg/{theme}/rotate_left.svg,png/{theme}/{size}/rotate_left.png
rotate_right,media,refresh,right,,svg/master/rotate_right.svg,svg/{theme}/rotate_right.svg,png/{theme}/{size}/rotate_right.png
flip_horizontal,media,arrow_left,right,,svg/master/flip_horizontal.svg,svg/{theme}/flip_horizontal.svg,png/{theme}/{size}/flip_horizontal.png
flip_vertical,media,arrow_up,down,,svg/master/flip_vertical.svg,svg/{theme}/flip_vertical.svg,png/{theme}/{size}/flip_vertical.png
database,data,database,,database;,svg/master/database.svg,svg/{theme}/database.svg,png/{theme}/{size}/database.png
database_add,data,database,add,database;add,svg/master/database_add.svg,svg/{theme}/database_add.svg,png/{theme}/{size}/database_add.png
database_remove,data,database,remove,database;remove,svg/master/database_remove.svg,svg/{theme}/database_remove.svg,png/{theme}/{size}/database_remove.png
database_delete,data,database,delete,database;delete,svg/master/database_delete.svg,svg/{theme}/database_delete.svg,png/{theme}/{size}/database_delete.png
database_edit,data,database,edit,database;edit,svg/master/database_edit.svg,svg/{theme}/database_edit.svg,png/{theme}/{size}/database_edit.png
database_search,data,database,search,database;search,svg/master/database_search.svg,svg/{theme}/database_search.svg,png/{theme}/{size}/database_search.png
database_check,data,database,check,database;check,svg/master/database_check.svg,svg/{theme}/database_check.svg,png/{theme}/{size}/database_check.png
database_warning,data,database,warning,database;warning,svg/master/database_warning.svg,svg/{theme}/database_warning.svg,png/{theme}/{size}/database_warning.png
database_info,data,database,info,database;info,svg/master/database_info.svg,svg/{theme}/database_info.svg,png/{theme}/{size}/database_info.png
database_lock,data,database,lock,database;lock,svg/master/database_lock.svg,svg/{theme}/database_lock.svg,png/{theme}/{size}/database_lock.png
database_unlock,data,database,unlock,database;unlock,svg/master/database_unlock.svg,svg/{theme}/database_unlock.svg,png/{theme}/{size}/database_unlock.png
database_upload,data,database,upload,database;upload,svg/master/database_upload.svg,svg/{theme}/database_upload.svg,png/{theme}/{size}/database_upload.png
database_download,data,database,download,database;download,svg/master/database_download.svg,svg/{theme}/database_download.svg,png/{theme}/{size}/database_download.png
database_sync,data,database,sync,database;sync,svg/master/database_sync.svg,svg/{theme}/database_sync.svg,png/{theme}/{size}/database_sync.png
database_share,data,database,share,database;share,svg/master/database_share.svg,svg/{theme}/database_share.svg,png/{theme}/{size}/database_share.png
database_settings,data,database,gear,database;settings,svg/master/database_settings.svg,svg/{theme}/database_settings.svg,png/{theme}/{size}/database_settings.png
server,data,server,,server;,svg/master/server.svg,svg/{theme}/server.svg,png/{theme}/{size}/server.png
server_add,data,server,add,server;add,svg/master/server_add.svg,svg/{theme}/server_add.svg,png/{theme}/{size}/server_add.png
server_remove,data,server,remove,server;remove,svg/master/server_remove.svg,svg/{theme}/server_remove.svg,png/{theme}/{size}/server_remove.png
server_delete,data,server,delete,server;delete,svg/master/server_delete.svg,svg/{theme}/server_delete.svg,png/{theme}/{size}/server_delete.png
server_edit,data,server,edit,server;edit,svg/master/server_edit.svg,svg/{theme}/server_edit.svg,png/{theme}/{size}/server_edit.png
server_search,data,server,search,server;search,svg/master/server_search.svg,svg/{theme}/server_search.svg,png/{theme}/{size}/server_search.png
server_check,data,server,check,server;check,svg/master/server_check.svg,svg/{theme}/server_check.svg,png/{theme}/{size}/server_check.png
server_warning,data,server,warning,server;warning,svg/master/server_warning.svg,svg/{theme}/server_warning.svg,png/{theme}/{size}/server_warning.png
server_info,data,server,info,server;info,svg/master/server_info.svg,svg/{theme}/server_info.svg,png/{theme}/{size}/server_info.png
server_lock,data,server,lock,server;lock,svg/master/server_lock.svg,svg/{theme}/server_lock.svg,png/{theme}/{size}/server_lock.png
server_unlock,data,server,unlock,server;unlock,svg/master/server_unlock.svg,svg/{theme}/server_unlock.svg,png/{theme}/{size}/server_unlock.png
server_upload,data,server,upload,server;upload,svg/master/server_upload.svg,svg/{theme}/server_upload.svg,png/{theme}/{size}/server_upload.png
server_download,data,server,download,server;download,svg/master/server_download.svg,svg/{theme}/server_download.svg,png/{theme}/{size}/server_download.png
server_sync,data,server,sync,server;sync,svg/master/server_sync.svg,svg/{theme}/server_sync.svg,png/{theme}/{size}/server_sync.png
server_share,data,server,share,server;share,svg/master/server_share.svg,svg/{theme}/server_share.svg,png/{theme}/{size}/server_share.png
server_settings,data,server,gear,server;settings,svg/master/server_settings.svg,svg/{theme}/server_settings.svg,png/{theme}/{size}/server_settings.png
cloud,cloud,cloud,,cloud;,svg/master/cloud.svg,svg/{theme}/cloud.svg,png/{theme}/{size}/cloud.png
cloud_add,cloud,cloud,add,cloud;add,svg/master/cloud_add.svg,svg/{theme}/cloud_add.svg,png/{theme}/{size}/cloud_add.png
cloud_remove,cloud,cloud,remove,cloud;remove,svg/master/cloud_remove.svg,svg/{theme}/cloud_remove.svg,png/{theme}/{size}/cloud_remove.png
cloud_delete,cloud,cloud,delete,cloud;delete,svg/master/cloud_delete.svg,svg/{theme}/cloud_delete.svg,png/{theme}/{size}/cloud_delete.png
cloud_edit,cloud,cloud,edit,cloud;edit,svg/master/cloud_edit.svg,svg/{theme}/cloud_edit.svg,png/{theme}/{size}/cloud_edit.png
cloud_search,cloud,cloud,search,cloud;search,svg/master/cloud_search.svg,svg/{theme}/cloud_search.svg,png/{theme}/{size}/cloud_search.png
cloud_check,cloud,cloud,check,cloud;check,svg/master/cloud_check.svg,svg/{theme}/cloud_check.svg,png/{theme}/{size}/cloud_check.png
cloud_warning,cloud,cloud,warning,cloud;warning,svg/master/cloud_warning.svg,svg/{theme}/cloud_warning.svg,png/{theme}/{size}/cloud_warning.png
cloud_info,cloud,cloud,info,cloud;info,svg/master/cloud_info.svg,svg/{theme}/cloud_info.svg,png/{theme}/{size}/cloud_info.png
cloud_lock,cloud,cloud,lock,cloud;lock,svg/master/cloud_lock.svg,svg/{theme}/cloud_lock.svg,png/{theme}/{size}/cloud_lock.png
cloud_unlock,cloud,cloud,unlock,cloud;unlock,svg/master/cloud_unlock.svg,svg/{theme}/cloud_unlock.svg,png/{theme}/{size}/cloud_unlock.png
cloud_upload,cloud,cloud,upload,cloud;upload,svg/master/cloud_upload.svg,svg/{theme}/cloud_upload.svg,png/{theme}/{size}/cloud_upload.png
cloud_download,cloud,cloud,download,cloud;download,svg/master/cloud_download.svg,svg/{theme}/cloud_download.svg,png/{theme}/{size}/cloud_download.png
cloud_sync,cloud,cloud,sync,cloud;sync,svg/master/cloud_sync.svg,svg/{theme}/cloud_sync.svg,png/{theme}/{size}/cloud_sync.png
cloud_share,cloud,cloud,share,cloud;share,svg/master/cloud_share.svg,svg/{theme}/cloud_share.svg,png/{theme}/{size}/cloud_share.png
cloud_settings,cloud,cloud,gear,cloud;settings,svg/master/cloud_settings.svg,svg/{theme}/cloud_settings.svg,png/{theme}/{size}/cloud_settings.png
network,network,network,,network;,svg/master/network.svg,svg/{theme}/network.svg,png/{theme}/{size}/network.png
network_add,network,network,add,network;add,svg/master/network_add.svg,svg/{theme}/network_add.svg,png/{theme}/{size}/network_add.png
network_remove,network,network,remove,network;remove,svg/master/network_remove.svg,svg/{theme}/network_remove.svg,png/{theme}/{size}/network_remove.png
network_delete,network,network,delete,network;delete,svg/master/network_delete.svg,svg/{theme}/network_delete.svg,png/{theme}/{size}/network_delete.png
network_edit,network,network,edit,network;edit,svg/master/network_edit.svg,svg/{theme}/network_edit.svg,png/{theme}/{size}/network_edit.png
network_search,network,network,search,network;search,svg/master/network_search.svg,svg/{theme}/network_search.svg,png/{theme}/{size}/network_search.png
network_check,network,network,check,network;check,svg/master/network_check.svg,svg/{theme}/network_check.svg,png/{theme}/{size}/network_check.png
network_warning,network,network,warning,network;warning,svg/master/network_warning.svg,svg/{theme}/network_warning.svg,png/{theme}/{size}/network_warning.png
network_info,network,network,info,network;info,svg/master/network_info.svg,svg/{theme}/network_info.svg,png/{theme}/{size}/network_info.png
network_lock,network,network,lock,network;lock,svg/master/network_lock.svg,svg/{theme}/network_lock.svg,png/{theme}/{size}/network_lock.png
network_unlock,network,network,unlock,network;unlock,svg/master/network_unlock.svg,svg/{theme}/network_unlock.svg,png/{theme}/{size}/network_unlock.png
network_upload,network,network,upload,network;upload,svg/master/network_upload.svg,svg/{theme}/network_upload.svg,png/{theme}/{size}/network_upload.png
network_download,network,network,download,network;download,svg/master/network_download.svg,svg/{theme}/network_download.svg,png/{theme}/{size}/network_download.png
network_sync,network,network,sync,network;sync,svg/master/network_sync.svg,svg/{theme}/network_sync.svg,png/{theme}/{size}/network_sync.png
network_share,network,network,share,network;share,svg/master/network_share.svg,svg/{theme}/network_share.svg,png/{theme}/{size}/network_share.png
network_settings,network,network,gear,network;settings,svg/master/network_settings.svg,svg/{theme}/network_settings.svg,png/{theme}/{size}/network_settings.png
user,user,user,,user;,svg/master/user.svg,svg/{theme}/user.svg,png/{theme}/{size}/user.png
user_add,user,user,add,user;add,svg/master/user_add.svg,svg/{theme}/user_add.svg,png/{theme}/{size}/user_add.png
user_remove,user,user,remove,user;remove,svg/master/user_remove.svg,svg/{theme}/user_remove.svg,png/{theme}/{size}/user_remove.png
user_delete,user,user,delete,user;delete,svg/master/user_delete.svg,svg/{theme}/user_delete.svg,png/{theme}/{size}/user_delete.png
user_edit,user,user,edit,user;edit,svg/master/user_edit.svg,svg/{theme}/user_edit.svg,png/{theme}/{size}/user_edit.png
user_search,user,user,search,user;search,svg/master/user_search.svg,svg/{theme}/user_search.svg,png/{theme}/{size}/user_search.png
user_check,user,user,check,user;check,svg/master/user_check.svg,svg/{theme}/user_check.svg,png/{theme}/{size}/user_check.png
user_warning,user,user,warning,user;warning,svg/master/user_warning.svg,svg/{theme}/user_warning.svg,png/{theme}/{size}/user_warning.png
user_info,user,user,info,user;info,svg/master/user_info.svg,svg/{theme}/user_info.svg,png/{theme}/{size}/user_info.png
user_lock,user,user,lock,user;lock,svg/master/user_lock.svg,svg/{theme}/user_lock.svg,png/{theme}/{size}/user_lock.png
user_unlock,user,user,unlock,user;unlock,svg/master/user_unlock.svg,svg/{theme}/user_unlock.svg,png/{theme}/{size}/user_unlock.png
user_upload,user,user,upload,user;upload,svg/master/user_upload.svg,svg/{theme}/user_upload.svg,png/{theme}/{size}/user_upload.png
user_download,user,user,download,user;download,svg/master/user_download.svg,svg/{theme}/user_download.svg,png/{theme}/{size}/user_download.png
user_sync,user,user,sync,user;sync,svg/master/user_sync.svg,svg/{theme}/user_sync.svg,png/{theme}/{size}/user_sync.png
user_share,user,user,share,user;share,svg/master/user_share.svg,svg/{theme}/user_share.svg,png/{theme}/{size}/user_share.png
user_settings,user,user,gear,user;settings,svg/master/user_settings.svg,svg/{theme}/user_settings.svg,png/{theme}/{size}/user_settings.png
group,user,group,,group;,svg/master/group.svg,svg/{theme}/group.svg,png/{theme}/{size}/group.png
group_add,user,group,add,group;add,svg/master/group_add.svg,svg/{theme}/group_add.svg,png/{theme}/{size}/group_add.png
group_remove,user,group,remove,group;remove,svg/master/group_remove.svg,svg/{theme}/group_remove.svg,png/{theme}/{size}/group_remove.png
group_delete,user,group,delete,group;delete,svg/master/group_delete.svg,svg/{theme}/group_delete.svg,png/{theme}/{size}/group_delete.png
group_edit,user,group,edit,group;edit,svg/master/group_edit.svg,svg/{theme}/group_edit.svg,png/{theme}/{size}/group_edit.png
group_search,user,group,search,group;search,svg/master/group_search.svg,svg/{theme}/group_search.svg,png/{theme}/{size}/group_search.png
group_check,user,group,check,group;check,svg/master/group_check.svg,svg/{theme}/group_check.svg,png/{theme}/{size}/group_check.png
group_warning,user,group,warning,group;warning,svg/master/group_warning.svg,svg/{theme}/group_warning.svg,png/{theme}/{size}/group_warning.png
group_info,user,group,info,group;info,svg/master/group_info.svg,svg/{theme}/group_info.svg,png/{theme}/{size}/group_info.png
group_lock,user,group,lock,group;lock,svg/master/group_lock.svg,svg/{theme}/group_lock.svg,png/{theme}/{size}/group_lock.png
group_unlock,user,group,unlock,group;unlock,svg/master/group_unlock.svg,svg/{theme}/group_unlock.svg,png/{theme}/{size}/group_unlock.png
group_upload,user,group,upload,group;upload,svg/master/group_upload.svg,svg/{theme}/group_upload.svg,png/{theme}/{size}/group_upload.png
group_download,user,group,download,group;download,svg/master/group_download.svg,svg/{theme}/group_download.svg,png/{theme}/{size}/group_download.png
group_sync,user,group,sync,group;sync,svg/master/group_sync.svg,svg/{theme}/group_sync.svg,png/{theme}/{size}/group_sync.png
group_share,user,group,share,group;share,svg/master/group_share.svg,svg/{theme}/group_share.svg,png/{theme}/{size}/group_share.png
group_settings,user,group,gear,group;settings,svg/master/group_settings.svg,svg/{theme}/group_settings.svg,png/{theme}/{size}/group_settings.png
shield,security,shield,,shield;,svg/master/shield.svg,svg/{theme}/shield.svg,png/{theme}/{size}/shield.png
shield_add,security,shield,add,shield;add,svg/master/shield_add.svg,svg/{theme}/shield_add.svg,png/{theme}/{size}/shield_add.png
shield_remove,security,shield,remove,shield;remove,svg/master/shield_remove.svg,svg/{theme}/shield_remove.svg,png/{theme}/{size}/shield_remove.png
shield_delete,security,shield,delete,shield;delete,svg/master/shield_delete.svg,svg/{theme}/shield_delete.svg,png/{theme}/{size}/shield_delete.png
shield_edit,security,shield,edit,shield;edit,svg/master/shield_edit.svg,svg/{theme}/shield_edit.svg,png/{theme}/{size}/shield_edit.png
shield_search,security,shield,search,shield;search,svg/master/shield_search.svg,svg/{theme}/shield_search.svg,png/{theme}/{size}/shield_search.png
shield_check,security,shield,check,shield;check,svg/master/shield_check.svg,svg/{theme}/shield_check.svg,png/{theme}/{size}/shield_check.png
shield_warning,security,shield,warning,shield;warning,svg/master/shield_warning.svg,svg/{theme}/shield_warning.svg,png/{theme}/{size}/shield_warning.png
shield_info,security,shield,info,shield;info,svg/master/shield_info.svg,svg/{theme}/shield_info.svg,png/{theme}/{size}/shield_info.png
shield_lock,security,shield,lock,shield;lock,svg/master/shield_lock.svg,svg/{theme}/shield_lock.svg,png/{theme}/{size}/shield_lock.png
shield_unlock,security,shield,unlock,shield;unlock,svg/master/shield_unlock.svg,svg/{theme}/shield_unlock.svg,png/{theme}/{size}/shield_unlock.png
shield_upload,security,shield,upload,shield;upload,svg/master/shield_upload.svg,svg/{theme}/shield_upload.svg,png/{theme}/{size}/shield_upload.png
shield_download,security,shield,download,shield;download,svg/master/shield_download.svg,svg/{theme}/shield_download.svg,png/{theme}/{size}/shield_download.png
shield_sync,security,shield,sync,shield;sync,svg/master/shield_sync.svg,svg/{theme}/shield_sync.svg,png/{theme}/{size}/shield_sync.png
shield_share,security,shield,share,shield;share,svg/master/shield_share.svg,svg/{theme}/shield_share.svg,png/{theme}/{size}/shield_share.png
shield_settings,security,shield,gear,shield;settings,svg/master/shield_settings.svg,svg/{theme}/shield_settings.svg,png/{theme}/{size}/shield_settings.png
key,security,key,,key;,svg/master/key.svg,svg/{theme}/key.svg,png/{theme}/{size}/key.png
key_add,security,key,add,key;add,svg/master/key_add.svg,svg/{theme}/key_add.svg,png/{theme}/{size}/key_add.png
key_remove,security,key,remove,key;remove,svg/master/key_remove.svg,svg/{theme}/key_remove.svg,png/{theme}/{size}/key_remove.png
key_delete,security,key,delete,key;delete,svg/master/key_delete.svg,svg/{theme}/key_delete.svg,png/{theme}/{size}/key_delete.png
key_edit,security,key,edit,key;edit,svg/master/key_edit.svg,svg/{theme}/key_edit.svg,png/{theme}/{size}/key_edit.png
key_search,security,key,search,key;search,svg/master/key_search.svg,svg/{theme}/key_search.svg,png/{theme}/{size}/key_search.png
key_check,security,key,check,key;check,svg/master/key_check.svg,svg/{theme}/key_check.svg,png/{theme}/{size}/key_check.png
key_warning,security,key,warning,key;warning,svg/master/key_warning.svg,svg/{theme}/key_warning.svg,png/{theme}/{size}/key_warning.png
key_info,security,key,info,key;info,svg/master/key_info.svg,svg/{theme}/key_info.svg,png/{theme}/{size}/key_info.png
key_lock,security,key,lock,key;lock,svg/master/key_lock.svg,svg/{theme}/key_lock.svg,png/{theme}/{size}/key_lock.png
key_unlock,security,key,unlock,key;unlock,svg/master/key_unlock.svg,svg/{theme}/key_unlock.svg,png/{theme}/{size}/key_unlock.png
key_upload,security,key,upload,key;upload,svg/master/key_upload.svg,svg/{theme}/key_upload.svg,png/{theme}/{size}/key_upload.png
key_download,security,key,download,key;download,svg/master/key_download.svg,svg/{theme}/key_download.svg,png/{theme}/{size}/key_download.png
key_sync,security,key,sync,key;sync,svg/master/key_sync.svg,svg/{theme}/key_sync.svg,png/{theme}/{size}/key_sync.png
key_share,security,key,share,key;share,svg/master/key_share.svg,svg/{theme}/key_share.svg,png/{theme}/{size}/key_share.png
key_settings,security,key,gear,key;settings,svg/master/key_settings.svg,svg/{theme}/key_settings.svg,png/{theme}/{size}/key_settings.png
lock,security,lock,,lock;,svg/master/lock.svg,svg/{theme}/lock.svg,png/{theme}/{size}/lock.png
lock_add,security,lock,add,lock;add,svg/master/lock_add.svg,svg/{theme}/lock_add.svg,png/{theme}/{size}/lock_add.png
lock_remove,security,lock,remove,lock;remove,svg/master/lock_remove.svg,svg/{theme}/lock_remove.svg,png/{theme}/{size}/lock_remove.png
lock_delete,security,lock,delete,lock;delete,svg/master/lock_delete.svg,svg/{theme}/lock_delete.svg,png/{theme}/{size}/lock_delete.png
lock_edit,security,lock,edit,lock;edit,svg/master/lock_edit.svg,svg/{theme}/lock_edit.svg,png/{theme}/{size}/lock_edit.png
lock_search,security,lock,search,lock;search,svg/master/lock_search.svg,svg/{theme}/lock_search.svg,png/{theme}/{size}/lock_search.png
lock_check,security,lock,check,lock;check,svg/master/lock_check.svg,svg/{theme}/lock_check.svg,png/{theme}/{size}/lock_check.png
lock_warning,security,lock,warning,lock;warning,svg/master/lock_warning.svg,svg/{theme}/lock_warning.svg,png/{theme}/{size}/lock_warning.png
lock_info,security,lock,info,lock;info,svg/master/lock_info.svg,svg/{theme}/lock_info.svg,png/{theme}/{size}/lock_info.png
lock_lock,security,lock,lock,lock;lock,svg/master/lock_lock.svg,svg/{theme}/lock_lock.svg,png/{theme}/{size}/lock_lock.png
lock_unlock,security,lock,unlock,lock;unlock,svg/master/lock_unlock.svg,svg/{theme}/lock_unlock.svg,png/{theme}/{size}/lock_unlock.png
lock_upload,security,lock,upload,lock;upload,svg/master/lock_upload.svg,svg/{theme}/lock_upload.svg,png/{theme}/{size}/lock_upload.png
lock_download,security,lock,download,lock;download,svg/master/lock_download.svg,svg/{theme}/lock_download.svg,png/{theme}/{size}/lock_download.png
lock_sync,security,lock,sync,lock;sync,svg/master/lock_sync.svg,svg/{theme}/lock_sync.svg,png/{theme}/{size}/lock_sync.png
lock_share,security,lock,share,lock;share,svg/master/lock_share.svg,svg/{theme}/lock_share.svg,png/{theme}/{size}/lock_share.png
lock_settings,security,lock,gear,lock;settings,svg/master/lock_settings.svg,svg/{theme}/lock_settings.svg,png/{theme}/{size}/lock_settings.png
calendar,time,calendar,,calendar;,svg/master/calendar.svg,svg/{theme}/calendar.svg,png/{theme}/{size}/calendar.png
calendar_add,time,calendar,add,calendar;add,svg/master/calendar_add.svg,svg/{theme}/calendar_add.svg,png/{theme}/{size}/calendar_add.png
calendar_remove,time,calendar,remove,calendar;remove,svg/master/calendar_remove.svg,svg/{theme}/calendar_remove.svg,png/{theme}/{size}/calendar_remove.png
calendar_delete,time,calendar,delete,calendar;delete,svg/master/calendar_delete.svg,svg/{theme}/calendar_delete.svg,png/{theme}/{size}/calendar_delete.png
calendar_edit,time,calendar,edit,calendar;edit,svg/master/calendar_edit.svg,svg/{theme}/calendar_edit.svg,png/{theme}/{size}/calendar_edit.png
calendar_search,time,calendar,search,calendar;search,svg/master/calendar_search.svg,svg/{theme}/calendar_search.svg,png/{theme}/{size}/calendar_search.png
calendar_check,time,calendar,check,calendar;check,svg/master/calendar_check.svg,svg/{theme}/calendar_check.svg,png/{theme}/{size}/calendar_check.png
calendar_warning,time,calendar,warning,calendar;warning,svg/master/calendar_warning.svg,svg/{theme}/calendar_warning.svg,png/{theme}/{size}/calendar_warning.png
calendar_info,time,calendar,info,calendar;info,svg/master/calendar_info.svg,svg/{theme}/calendar_info.svg,png/{theme}/{size}/calendar_info.png
calendar_lock,time,calendar,lock,calendar;lock,svg/master/calendar_lock.svg,svg/{theme}/calendar_lock.svg,png/{theme}/{size}/calendar_lock.png
calendar_unlock,time,calendar,unlock,calendar;unlock,svg/master/calendar_unlock.svg,svg/{theme}/calendar_unlock.svg,png/{theme}/{size}/calendar_unlock.png
calendar_upload,time,calendar,upload,calendar;upload,svg/master/calendar_upload.svg,svg/{theme}/calendar_upload.svg,png/{theme}/{size}/calendar_upload.png
calendar_download,time,calendar,download,calendar;download,svg/master/calendar_download.svg,svg/{theme}/calendar_download.svg,png/{theme}/{size}/calendar_download.png
calendar_sync,time,calendar,sync,calendar;sync,svg/master/calendar_sync.svg,svg/{theme}/calendar_sync.svg,png/{theme}/{size}/calendar_sync.png
calendar_share,time,calendar,share,calendar;share,svg/master/calendar_share.svg,svg/{theme}/calendar_share.svg,png/{theme}/{size}/calendar_share.png
calendar_settings,time,calendar,gear,calendar;settings,svg/master/calendar_settings.svg,svg/{theme}/calendar_settings.svg,png/{theme}/{size}/calendar_settings.png
clock,time,clock,,clock;,svg/master/clock.svg,svg/{theme}/clock.svg,png/{theme}/{size}/clock.png
clock_add,time,clock,add,clock;add,svg/master/clock_add.svg,svg/{theme}/clock_add.svg,png/{theme}/{size}/clock_add.png
clock_remove,time,clock,remove,clock;remove,svg/master/clock_remove.svg,svg/{theme}/clock_remove.svg,png/{theme}/{size}/clock_remove.png
clock_delete,time,clock,delete,clock;delete,svg/master/clock_delete.svg,svg/{theme}/clock_delete.svg,png/{theme}/{size}/clock_delete.png
clock_edit,time,clock,edit,clock;edit,svg/master/clock_edit.svg,svg/{theme}/clock_edit.svg,png/{theme}/{size}/clock_edit.png
clock_search,time,clock,search,clock;search,svg/master/clock_search.svg,svg/{theme}/clock_search.svg,png/{theme}/{size}/clock_search.png
clock_check,time,clock,check,clock;check,svg/master/clock_check.svg,svg/{theme}/clock_check.svg,png/{theme}/{size}/clock_check.png
clock_warning,time,clock,warning,clock;warning,svg/master/clock_warning.svg,svg/{theme}/clock_warning.svg,png/{theme}/{size}/clock_warning.png
clock_info,time,clock,info,clock;info,svg/master/clock_info.svg,svg/{theme}/clock_info.svg,png/{theme}/{size}/clock_info.png
clock_lock,time,clock,lock,clock;lock,svg/master/clock_lock.svg,svg/{theme}/clock_lock.svg,png/{theme}/{size}/clock_lock.png
clock_unlock,time,clock,unlock,clock;unlock,svg/master/clock_unlock.svg,svg/{theme}/clock_unlock.svg,png/{theme}/{size}/clock_unlock.png
clock_upload,time,clock,upload,clock;upload,svg/master/clock_upload.svg,svg/{theme}/clock_upload.svg,png/{theme}/{size}/clock_upload.png
clock_download,time,clock,download,clock;download,svg/master/clock_download.svg,svg/{theme}/clock_download.svg,png/{theme}/{size}/clock_download.png
clock_sync,time,clock,sync,clock;sync,svg/master/clock_sync.svg,svg/{theme}/clock_sync.svg,png/{theme}/{size}/clock_sync.png
clock_share,time,clock,share,clock;share,svg/master/clock_share.svg,svg/{theme}/clock_share.svg,png/{theme}/{size}/clock_share.png
clock_settings,time,clock,gear,clock;settings,svg/master/clock_settings.svg,svg/{theme}/clock_settings.svg,png/{theme}/{size}/clock_settings.png
monitor,device,monitor,,monitor;,svg/master/monitor.svg,svg/{theme}/monitor.svg,png/{theme}/{size}/monitor.png
monitor_add,device,monitor,add,monitor;add,svg/master/monitor_add.svg,svg/{theme}/monitor_add.svg,png/{theme}/{size}/monitor_add.png
monitor_remove,device,monitor,remove,monitor;remove,svg/master/monitor_remove.svg,svg/{theme}/monitor_remove.svg,png/{theme}/{size}/monitor_remove.png
monitor_delete,device,monitor,delete,monitor;delete,svg/master/monitor_delete.svg,svg/{theme}/monitor_delete.svg,png/{theme}/{size}/monitor_delete.png
monitor_edit,device,monitor,edit,monitor;edit,svg/master/monitor_edit.svg,svg/{theme}/monitor_edit.svg,png/{theme}/{size}/monitor_edit.png
monitor_search,device,monitor,search,monitor;search,svg/master/monitor_search.svg,svg/{theme}/monitor_search.svg,png/{theme}/{size}/monitor_search.png
monitor_check,device,monitor,check,monitor;check,svg/master/monitor_check.svg,svg/{theme}/monitor_check.svg,png/{theme}/{size}/monitor_check.png
monitor_warning,device,monitor,warning,monitor;warning,svg/master/monitor_warning.svg,svg/{theme}/monitor_warning.svg,png/{theme}/{size}/monitor_warning.png
monitor_info,device,monitor,info,monitor;info,svg/master/monitor_info.svg,svg/{theme}/monitor_info.svg,png/{theme}/{size}/monitor_info.png
monitor_lock,device,monitor,lock,monitor;lock,svg/master/monitor_lock.svg,svg/{theme}/monitor_lock.svg,png/{theme}/{size}/monitor_lock.png
monitor_unlock,device,monitor,unlock,monitor;unlock,svg/master/monitor_unlock.svg,svg/{theme}/monitor_unlock.svg,png/{theme}/{size}/monitor_unlock.png
monitor_upload,device,monitor,upload,monitor;upload,svg/master/monitor_upload.svg,svg/{theme}/monitor_upload.svg,png/{theme}/{size}/monitor_upload.png
